,mean,std
PSA,64.75522499047923,22.91506879427272
